URL_ID,URL,cleaned_text
blackassign0001,https://insights.blackcoffer.com/rising-it-cities-and-its-impact-on-the-economy-environment-infrastructure-and-city-life-by-the-year-2040-2/,httpsinsightsblackcoffercomrisingitcitiesanditsimpactontheeconomyenvironmentinfrastructureandcitylifebytheyear20402
blackassign0002,https://insights.blackcoffer.com/rising-it-cities-and-their-impact-on-the-economy-environment-infrastructure-and-city-life-in-future/,httpsinsightsblackcoffercomrisingitcitiesandtheirimpactontheeconomyenvironmentinfrastructureandcitylifeinfuture
blackassign0003,https://insights.blackcoffer.com/internet-demands-evolution-communication-impact-and-2035s-alternative-pathways/,httpsinsightsblackcoffercominternetdemandsevolutioncommunicationimpactand2035salternativepathways
blackassign0004,https://insights.blackcoffer.com/rise-of-cybercrime-and-its-effect-in-upcoming-future/,httpsinsightsblackcoffercomriseofcybercrimeanditseffectinupcomingfuture
blackassign0005,https://insights.blackcoffer.com/ott-platform-and-its-impact-on-the-entertainment-industry-in-future/,httpsinsightsblackcoffercomottplatformanditsimpactontheentertainmentindustryinfuture
blackassign0006,https://insights.blackcoffer.com/the-rise-of-the-ott-platform-and-its-impact-on-the-entertainment-industry-by-2040/,httpsinsightsblackcoffercomtheriseoftheottplatformanditsimpactontheentertainmentindustryby2040
blackassign0007,https://insights.blackcoffer.com/rise-of-cyber-crime-and-its-effects/,httpsinsightsblackcoffercomriseofcybercrimeanditseffects
blackassign0008,https://insights.blackcoffer.com/rise-of-internet-demand-and-its-impact-on-communications-and-alternatives-by-the-year-2035-2/,httpsinsightsblackcoffercomriseofinternetdemandanditsimpactoncommunicationsandalternativesbytheyear20352
blackassign0009,https://insights.blackcoffer.com/rise-of-cybercrime-and-its-effect-by-the-year-2040-2/,httpsinsightsblackcoffercomriseofcybercrimeanditseffectbytheyear20402
blackassign0010,https://insights.blackcoffer.com/rise-of-cybercrime-and-its-effect-by-the-year-2040/,httpsinsightsblackcoffercomriseofcybercrimeanditseffectbytheyear2040
blackassign0011,https://insights.blackcoffer.com/rise-of-internet-demand-and-its-impact-on-communications-and-alternatives-by-the-year-2035/,httpsinsightsblackcoffercomriseofinternetdemandanditsimpactoncommunicationsandalternativesbytheyear2035
blackassign0012,https://insights.blackcoffer.com/rise-of-telemedicine-and-its-impact-on-livelihood-by-2040-3-2/,httpsinsightsblackcoffercomriseoftelemedicineanditsimpactonlivelihoodby204032
blackassign0013,https://insights.blackcoffer.com/rise-of-e-health-and-its-impact-on-humans-by-the-year-2030/,httpsinsightsblackcoffercomriseofehealthanditsimpactonhumansbytheyear2030
blackassign0014,https://insights.blackcoffer.com/rise-of-e-health-and-its-imapct-on-humans-by-the-year-2030-2/,httpsinsightsblackcoffercomriseofehealthanditsimapctonhumansbytheyear20302
blackassign0015,https://insights.blackcoffer.com/rise-of-telemedicine-and-its-impact-on-livelihood-by-2040-2/,httpsinsightsblackcoffercomriseoftelemedicineanditsimpactonlivelihoodby20402
blackassign0016,https://insights.blackcoffer.com/rise-of-telemedicine-and-its-impact-on-livelihood-by-2040-2-2/,httpsinsightsblackcoffercomriseoftelemedicineanditsimpactonlivelihoodby204022
blackassign0017,https://insights.blackcoffer.com/rise-of-chatbots-and-its-impact-on-customer-support-by-the-year-2040/,httpsinsightsblackcoffercomriseofchatbotsanditsimpactoncustomersupportbytheyear2040
blackassign0018,https://insights.blackcoffer.com/rise-of-e-health-and-its-imapct-on-humans-by-the-year-2030/,httpsinsightsblackcoffercomriseofehealthanditsimapctonhumansbytheyear2030
blackassign0019,https://insights.blackcoffer.com/how-does-marketing-influence-businesses-and-consumers/,httpsinsightsblackcoffercomhowdoesmarketinginfluencebusinessesandconsumers
blackassign0020,https://insights.blackcoffer.com/how-advertisement-increase-your-market-value/,httpsinsightsblackcoffercomhowadvertisementincreaseyourmarketvalue
blackassign0021,https://insights.blackcoffer.com/negative-effects-of-marketing-on-society/,httpsinsightsblackcoffercomnegativeeffectsofmarketingonsociety
blackassign0022,https://insights.blackcoffer.com/how-advertisement-marketing-affects-business/,httpsinsightsblackcoffercomhowadvertisementmarketingaffectsbusiness
blackassign0023,https://insights.blackcoffer.com/rising-it-cities-will-impact-the-economy-environment-infrastructure-and-city-life-by-the-year-2035/,httpsinsightsblackcoffercomrisingitcitieswillimpacttheeconomyenvironmentinfrastructureandcitylifebytheyear2035
blackassign0024,https://insights.blackcoffer.com/rise-of-ott-platform-and-its-impact-on-entertainment-industry-by-the-year-2030/,httpsinsightsblackcoffercomriseofottplatformanditsimpactonentertainmentindustrybytheyear2030
blackassign0025,https://insights.blackcoffer.com/rise-of-electric-vehicles-and-its-impact-on-livelihood-by-2040/,httpsinsightsblackcoffercomriseofelectricvehiclesanditsimpactonlivelihoodby2040
blackassign0026,https://insights.blackcoffer.com/rise-of-electric-vehicle-and-its-impact-on-livelihood-by-the-year-2040/,httpsinsightsblackcoffercomriseofelectricvehicleanditsimpactonlivelihoodbytheyear2040
blackassign0027,https://insights.blackcoffer.com/oil-prices-by-the-year-2040-and-how-it-will-impact-the-world-economy/,httpsinsightsblackcoffercomoilpricesbytheyear2040andhowitwillimpacttheworldeconomy
blackassign0028,https://insights.blackcoffer.com/an-outlook-of-healthcare-by-the-year-2040-and-how-it-will-impact-human-lives/,httpsinsightsblackcoffercomanoutlookofhealthcarebytheyear2040andhowitwillimpacthumanlives
blackassign0029,https://insights.blackcoffer.com/ai-in-healthcare-to-improve-patient-outcomes/,httpsinsightsblackcoffercomaiinhealthcaretoimprovepatientoutcomes
blackassign0030,https://insights.blackcoffer.com/what-if-the-creation-is-taking-over-the-creator/,httpsinsightsblackcoffercomwhatifthecreationistakingoverthecreator
blackassign0031,https://insights.blackcoffer.com/what-jobs-will-robots-take-from-humans-in-the-future/,httpsinsightsblackcoffercomwhatjobswillrobotstakefromhumansinthefuture
blackassign0032,https://insights.blackcoffer.com/will-machine-replace-the-human-in-the-future-of-work/,httpsinsightsblackcoffercomwillmachinereplacethehumaninthefutureofwork
blackassign0033,https://insights.blackcoffer.com/will-ai-replace-us-or-work-with-us/,httpsinsightsblackcoffercomwillaireplaceusorworkwithus
blackassign0034,https://insights.blackcoffer.com/man-and-machines-together-machines-are-more-diligent-than-humans-blackcoffe/,httpsinsightsblackcoffercommanandmachinestogethermachinesaremorediligentthanhumansblackcoffe
blackassign0035,https://insights.blackcoffer.com/in-future-or-in-upcoming-years-humans-and-machines-are-going-to-work-together-in-every-field-of-work/,httpsinsightsblackcoffercominfutureorinupcomingyearshumansandmachinesaregoingtoworktogetherineveryfieldofwork
blackassign0036,https://insights.blackcoffer.com/how-neural-networks-can-be-applied-in-various-areas-in-the-future/,httpsinsightsblackcoffercomhowneuralnetworkscanbeappliedinvariousareasinthefuture
blackassign0037,https://insights.blackcoffer.com/how-machine-learning-will-affect-your-business/,httpsinsightsblackcoffercomhowmachinelearningwillaffectyourbusiness
blackassign0038,https://insights.blackcoffer.com/deep-learning-impact-on-areas-of-e-learning/,httpsinsightsblackcoffercomdeeplearningimpactonareasofelearning
blackassign0039,https://insights.blackcoffer.com/how-to-protect-future-data-and-its-privacy-blackcoffer/,httpsinsightsblackcoffercomhowtoprotectfuturedataanditsprivacyblackcoffer
blackassign0040,https://insights.blackcoffer.com/how-machines-ai-automations-and-robo-human-are-effective-in-finance-and-banking/,httpsinsightsblackcoffercomhowmachinesaiautomationsandrobohumanareeffectiveinfinanceandbanking
blackassign0041,https://insights.blackcoffer.com/ai-human-robotics-machine-future-planet-blackcoffer-thinking-jobs-workplace/,httpsinsightsblackcoffercomaihumanroboticsmachinefutureplanetblackcofferthinkingjobsworkplace
blackassign0042,https://insights.blackcoffer.com/how-ai-will-change-the-world-blackcoffer/,httpsinsightsblackcoffercomhowaiwillchangetheworldblackcoffer
blackassign0043,https://insights.blackcoffer.com/future-of-work-how-ai-has-entered-the-workplace/,httpsinsightsblackcoffercomfutureofworkhowaihasenteredtheworkplace
blackassign0044,https://insights.blackcoffer.com/ai-tool-alexa-google-assistant-finance-banking-tool-future/,httpsinsightsblackcoffercomaitoolalexagoogleassistantfinancebankingtoolfuture
blackassign0045,https://insights.blackcoffer.com/ai-healthcare-revolution-ml-technology-algorithm-google-analytics-industrialrevolution/,httpsinsightsblackcoffercomaihealthcarerevolutionmltechnologyalgorithmgoogleanalyticsindustrialrevolution
blackassign0046,https://insights.blackcoffer.com/all-you-need-to-know-about-online-marketing/,httpsinsightsblackcoffercomallyouneedtoknowaboutonlinemarketing
blackassign0047,https://insights.blackcoffer.com/evolution-of-advertising-industry/,httpsinsightsblackcoffercomevolutionofadvertisingindustry
blackassign0048,https://insights.blackcoffer.com/how-data-analytics-can-help-your-business-respond-to-the-impact-of-covid-19/,httpsinsightsblackcoffercomhowdataanalyticscanhelpyourbusinessrespondtotheimpactofcovid19
blackassign0049,https://insights.blackcoffer.com/covid-19-environmental-impact-for-the-future/,httpsinsightsblackcoffercomcovid19environmentalimpactforthefuture
blackassign0050,https://insights.blackcoffer.com/environmental-impact-of-the-covid-19-pandemic-lesson-for-the-future/,httpsinsightsblackcoffercomenvironmentalimpactofthecovid19pandemiclessonforthefuture
blackassign0051,https://insights.blackcoffer.com/how-data-analytics-and-ai-are-used-to-halt-the-covid-19-pandemic/,httpsinsightsblackcoffercomhowdataanalyticsandaiareusedtohaltthecovid19pandemic
blackassign0052,https://insights.blackcoffer.com/difference-between-artificial-intelligence-machine-learning-statistics-and-data-mining/,httpsinsightsblackcoffercomdifferencebetweenartificialintelligencemachinelearningstatisticsanddatamining
blackassign0053,https://insights.blackcoffer.com/how-python-became-the-first-choice-for-data-science/,httpsinsightsblackcoffercomhowpythonbecamethefirstchoicefordatascience
blackassign0054,https://insights.blackcoffer.com/how-google-fit-measure-heart-and-respiratory-rates-using-a-phone/,httpsinsightsblackcoffercomhowgooglefitmeasureheartandrespiratoryratesusingaphone
blackassign0055,https://insights.blackcoffer.com/what-is-the-future-of-mobile-apps/,httpsinsightsblackcoffercomwhatisthefutureofmobileapps
blackassign0056,https://insights.blackcoffer.com/impact-of-ai-in-health-and-medicine/,httpsinsightsblackcoffercomimpactofaiinhealthandmedicine
blackassign0057,https://insights.blackcoffer.com/telemedicine-what-patients-like-and-dislike-about-it/,httpsinsightsblackcoffercomtelemedicinewhatpatientslikeanddislikeaboutit
blackassign0058,https://insights.blackcoffer.com/how-we-forecast-future-technologies/,httpsinsightsblackcoffercomhowweforecastfuturetechnologies
blackassign0059,https://insights.blackcoffer.com/can-robots-tackle-late-life-loneliness/,httpsinsightsblackcoffercomcanrobotstacklelatelifeloneliness
blackassign0060,https://insights.blackcoffer.com/embedding-care-robots-into-society-socio-technical-considerations/,httpsinsightsblackcoffercomembeddingcarerobotsintosocietysociotechnicalconsiderations
blackassign0061,https://insights.blackcoffer.com/management-challenges-for-future-digitalization-of-healthcare-services/,httpsinsightsblackcoffercommanagementchallengesforfuturedigitalizationofhealthcareservices
blackassign0062,https://insights.blackcoffer.com/are-we-any-closer-to-preventing-a-nuclear-holocaust/,httpsinsightsblackcoffercomareweanyclosertopreventinganuclearholocaust
blackassign0063,https://insights.blackcoffer.com/will-technology-eliminate-the-need-for-animal-testing-in-drug-development/,httpsinsightsblackcoffercomwilltechnologyeliminatetheneedforanimaltestingindrugdevelopment
blackassign0064,https://insights.blackcoffer.com/will-we-ever-understand-the-nature-of-consciousness/,httpsinsightsblackcoffercomwillweeverunderstandthenatureofconsciousness
blackassign0065,https://insights.blackcoffer.com/will-we-ever-colonize-outer-space/,httpsinsightsblackcoffercomwillweevercolonizeouterspace
blackassign0066,https://insights.blackcoffer.com/what-is-the-chance-homo-sapiens-will-survive-for-the-next-500-years/,httpsinsightsblackcoffercomwhatisthechancehomosapienswillsurviveforthenext500years
blackassign0067,https://insights.blackcoffer.com/why-does-your-business-need-a-chatbot/,httpsinsightsblackcoffercomwhydoesyourbusinessneedachatbot
blackassign0068,https://insights.blackcoffer.com/how-you-lead-a-project-or-a-team-without-any-technical-expertise/,httpsinsightsblackcoffercomhowyouleadaprojectorateamwithoutanytechnicalexpertise
blackassign0069,https://insights.blackcoffer.com/can-you-be-great-leader-without-technical-expertise/,httpsinsightsblackcoffercomcanyoubegreatleaderwithouttechnicalexpertise
blackassign0070,https://insights.blackcoffer.com/how-does-artificial-intelligence-affect-the-environment/,httpsinsightsblackcoffercomhowdoesartificialintelligenceaffecttheenvironment
blackassign0071,https://insights.blackcoffer.com/how-to-overcome-your-fear-of-making-mistakes-2/,httpsinsightsblackcoffercomhowtoovercomeyourfearofmakingmistakes2
blackassign0072,https://insights.blackcoffer.com/is-perfection-the-greatest-enemy-of-productivity/,httpsinsightsblackcoffercomisperfectionthegreatestenemyofproductivity
blackassign0073,https://insights.blackcoffer.com/global-financial-crisis-2008-causes-effects-and-its-solution/,httpsinsightsblackcoffercomglobalfinancialcrisis2008causeseffectsanditssolution
blackassign0074,https://insights.blackcoffer.com/gender-diversity-and-equality-in-the-tech-industry/,httpsinsightsblackcoffercomgenderdiversityandequalityinthetechindustry
blackassign0075,https://insights.blackcoffer.com/how-to-overcome-your-fear-of-making-mistakes/,httpsinsightsblackcoffercomhowtoovercomeyourfearofmakingmistakes
blackassign0076,https://insights.blackcoffer.com/how-small-business-can-survive-the-coronavirus-crisis/,httpsinsightsblackcoffercomhowsmallbusinesscansurvivethecoronaviruscrisis
blackassign0077,https://insights.blackcoffer.com/impacts-of-covid-19-on-vegetable-vendors-and-food-stalls/,httpsinsightsblackcoffercomimpactsofcovid19onvegetablevendorsandfoodstalls
blackassign0078,https://insights.blackcoffer.com/impacts-of-covid-19-on-vegetable-vendors/,httpsinsightsblackcoffercomimpactsofcovid19onvegetablevendors
blackassign0079,https://insights.blackcoffer.com/impact-of-covid-19-pandemic-on-tourism-aviation-industries/,httpsinsightsblackcoffercomimpactofcovid19pandemicontourismaviationindustries
blackassign0080,https://insights.blackcoffer.com/impact-of-covid-19-pandemic-on-sports-events-around-the-world/,httpsinsightsblackcoffercomimpactofcovid19pandemiconsportseventsaroundtheworld
blackassign0081,https://insights.blackcoffer.com/changing-landscape-and-emerging-trends-in-the-indian-it-ites-industry/,httpsinsightsblackcoffercomchanginglandscapeandemergingtrendsintheindianititesindustry
blackassign0082,https://insights.blackcoffer.com/online-gaming-adolescent-online-gaming-effects-demotivated-depression-musculoskeletal-and-psychosomatic-symptoms/,httpsinsightsblackcoffercomonlinegamingadolescentonlinegamingeffectsdemotivateddepressionmusculoskeletalandpsychosomaticsymptoms
blackassign0083,https://insights.blackcoffer.com/human-rights-outlook/,httpsinsightsblackcoffercomhumanrightsoutlook
blackassign0084,https://insights.blackcoffer.com/how-voice-search-makes-your-business-a-successful-business/,httpsinsightsblackcoffercomhowvoicesearchmakesyourbusinessasuccessfulbusiness
blackassign0085,https://insights.blackcoffer.com/how-the-covid-19-crisis-is-redefining-jobs-and-services/,httpsinsightsblackcoffercomhowthecovid19crisisisredefiningjobsandservices
blackassign0086,https://insights.blackcoffer.com/how-to-increase-social-media-engagement-for-marketers/,httpsinsightsblackcoffercomhowtoincreasesocialmediaengagementformarketers
blackassign0087,https://insights.blackcoffer.com/impacts-of-covid-19-on-streets-sides-food-stalls/,httpsinsightsblackcoffercomimpactsofcovid19onstreetssidesfoodstalls
blackassign0088,https://insights.blackcoffer.com/coronavirus-impact-on-energy-markets-2/,httpsinsightsblackcoffercomcoronavirusimpactonenergymarkets2
blackassign0089,https://insights.blackcoffer.com/coronavirus-impact-on-the-hospitality-industry-5/,httpsinsightsblackcoffercomcoronavirusimpactonthehospitalityindustry5
blackassign0090,https://insights.blackcoffer.com/lessons-from-the-past-some-key-learnings-relevant-to-the-coronavirus-crisis-4/,httpsinsightsblackcoffercomlessonsfromthepastsomekeylearningsrelevanttothecoronaviruscrisis4
blackassign0091,https://insights.blackcoffer.com/estimating-the-impact-of-covid-19-on-the-world-of-work-2/,httpsinsightsblackcoffercomestimatingtheimpactofcovid19ontheworldofwork2
blackassign0092,https://insights.blackcoffer.com/estimating-the-impact-of-covid-19-on-the-world-of-work-3/,httpsinsightsblackcoffercomestimatingtheimpactofcovid19ontheworldofwork3
blackassign0093,https://insights.blackcoffer.com/travel-and-tourism-outlook/,httpsinsightsblackcoffercomtravelandtourismoutlook
blackassign0094,https://insights.blackcoffer.com/gaming-disorder-and-effects-of-gaming-on-health/,httpsinsightsblackcoffercomgamingdisorderandeffectsofgamingonhealth
blackassign0095,https://insights.blackcoffer.com/what-is-the-repercussion-of-the-environment-due-to-the-covid-19-pandemic-situation/,httpsinsightsblackcoffercomwhatistherepercussionoftheenvironmentduetothecovid19pandemicsituation
blackassign0096,https://insights.blackcoffer.com/what-is-the-repercussion-of-the-environment-due-to-the-covid-19-pandemic-situation-2/,httpsinsightsblackcoffercomwhatistherepercussionoftheenvironmentduetothecovid19pandemicsituation2
blackassign0097,https://insights.blackcoffer.com/impact-of-covid-19-pandemic-on-office-space-and-co-working-industries/,httpsinsightsblackcoffercomimpactofcovid19pandemiconofficespaceandcoworkingindustries
blackassign0098,https://insights.blackcoffer.com/contribution-of-handicrafts-visual-arts-literature-in-the-indian-economy/,httpsinsightsblackcoffercomcontributionofhandicraftsvisualartsliteratureintheindianeconomy
blackassign0099,https://insights.blackcoffer.com/how-covid-19-is-impacting-payment-preferences/,httpsinsightsblackcoffercomhowcovid19isimpactingpaymentpreferences
blackassign0100,https://insights.blackcoffer.com/how-will-covid-19-affect-the-world-of-work-2/,httpsinsightsblackcoffercomhowwillcovid19affecttheworldofwork2
